{
  "camera": {
    "P": [
       1782.09204101562, 0.0, 977.639282226562 ,
       0.0, 1782.05212402344, 587.777648925781 ,
       0.0, 0.0, 1.0 
    ],
    "distortion": [
      -0.0907880067825317,
      0.134410485625267,
      -0.0652082785964012,
      0.000578985665924847,
      -5.82622851652559e-05
    ],

    "other properties will be ignored": "",
    "width": 1944,
    "height": 1200
  }
}
